<?xml version="1.0" encoding="UTF-8" standalone="no"?>
<Maps>
    <Map Name="ALL_POINTS" Priority="1" Type="System">
        <Label>
            <Point Name="BOPSA">BOPSA</Point>
            <Point Name="IBRAD">IBRAD</Point>
            <Point Name="OKMAB">OKMAB</Point>
            <Point Name="DEKRA">DEKRA</Point>
            <Point Name="SB41">SB41</Point>
            <Point Name="GEREK">GEREK</Point>
            <Point Name="EKBOR">EKBOR</Point>
            <Point Name="AVONO">AVONO</Point>
            <Point Name="KUTOP">KUTOP</Point>
            <Point Name="EPSIX">EPSIX</Point>
            <Point Name="AMATO">AMATO</Point>
            <Point Name="ANTAX">ANTAX</Point>
            <Point Name="GIBAX">GIBAX</Point>
            <Point Name="GABDA">GABDA</Point>
            <Point Name="ALKOS">ALKOS</Point>
            <Point Name="MUSBI">MUSBI</Point>
            <Point Name="HARGA">HARGA</Point>
            <Point Name="TORBA">TORBA</Point>
            <Point Name="KASOL">KASOL</Point>
            <Point Name="LAKBE">LAKBE</Point>
            <Point Name="NIDEG">NIDEG</Point>
            <Point Name="ASOLE">ASOLE</Point>
            <Point Name="ITPOG">ITPOG</Point>
            <Point Name="KOFTA">KOFTA</Point>
            <Point Name="APKOD">APKOD</Point>
            <Point Name="IMTOR">IMTOR</Point>
            <Point Name="DAGAP">DAGAP</Point>
            <Point Name="USUBA">USUBA</Point>
            <Point Name="EGNAK">EGNAK</Point>
            <Point Name="ETOKO">ETOKO</Point>
            <Point Name="IBTAN">IBTAN</Point>
            <Point Name="UTSOR">UTSOR</Point>
            <Point Name="UVDEB">UVDEB</Point>
            <Point Name="MASLO">MASLO</Point>
            <Point Name="GETOL">GETOL</Point>
            <Point Name="ETIVA">ETIVA</Point>
            <Point Name="GETIN">GETIN</Point>
            <Point Name="ETONI">ETONI</Point>
            <Point Name="APLIR">APLIR</Point>
            <Point Name="ANTUM">ANTUM</Point>
            <Point Name="TIKAT">TIKAT</Point>
            <Point Name="KONET">KONET</Point>
            <Point Name="MURAL">MURAL</Point>
            <Point Name="KUSUB">KUSUB</Point>
            <Point Name="BELDI">BELDI</Point>
            <Point Name="EGMES">EGMES</Point>
            <Point Name="ASKEN">ASKEN</Point>
            <Point Name="PARIM">PARIM</Point>
            <Point Name="EKBUL">EKBUL</Point>
            <Point Name="ETGOM">ETGOM</Point>
            <Point Name="BENDO">BENDO</Point>
            <Point Name="IMDUR">IMDUR</Point>
            <Point Name="DASTU">DASTU</Point>
            <Point Name="RUDOL">RUDOL</Point>
            <Point Name="IMKIT">IMKIT</Point>
            <Point Name="ERBUN">ERBUN</Point>
            <Point Name="ETLOT">ETLOT</Point>
            <Point Name="DUSKU">DUSKU</Point>
            <Point Name="XAPSA">XAPSA</Point>
            <Point Name="AXAPO">AXAPO</Point>
            <Point Name="AVAGI">AVAGI</Point>
            <Point Name="UTOLI">UTOLI</Point>
            <Point Name="EGMER">EGMER</Point>
            <Point Name="AXOTI">AXOTI</Point>
            <Point Name="OKNET">OKNET</Point>
            <Point Name="SHALA">SHALA</Point>
            <Point Name="RANSO">RANSO</Point>
            <Point Name="UMTOK">UMTOK</Point>
            <Point Name="ETGUL">ETGUL</Point>
            <Point Name="AVUNI">AVUNI</Point>
            <Point Name="TEXOK">TEXOK</Point>
            <Point Name="ALRAP">ALRAP</Point>
            <Point Name="AVEDI">AVEDI</Point>
            <Point Name="UTANO">UTANO</Point>
            <Point Name="NIGUS">NIGUS</Point>
            <Point Name="AXIDA">AXIDA</Point>
            <Point Name="ASTAR">ASTAR</Point>
            <Point Name="AXEBI">AXEBI</Point>
            <Point Name="DAVIT">DAVIT</Point>
            <Point Name="EPREK">EPREK</Point>
            <Point Name="MARCO">MARCO</Point>
            <Point Name="AVUSI">AVUSI</Point>
            <Point Name="EPTOV">EPTOV</Point>
            <Point Name="ARABO">ARABO</Point>
            <Point Name="ADABA">ADABA</Point>
            <Point Name="TADRA">TADRA</Point>
            <Point Name="NETIN">NETIN</Point>
            <Point Name="ANVEX">ANVEX</Point>
            <Point Name="MANDA">MANDA</Point>
            <Point Name="APKIX">APKIX</Point>
            <Point Name="LUBAR">LUBAR</Point>
            <Point Name="ALNAB">ALNAB</Point>
            <Point Name="SOLUL">SOLUL</Point>
            <Point Name="SETIT">SETIT</Point>
            <Point Name="DILKA">DILKA</Point>
            <Point Name="GADGI">GADGI</Point>
            <Point Name="APMUX">APMUX</Point>
            <Point Name="UNKEG">UNKEG</Point>
            <Point Name="XADOX">XADOX</Point>
            <Point Name="ERDIR">ERDIR</Point>
            <Point Name="UNKID">UNKID</Point>
            <Point Name="GEROB">GEROB</Point>
            <Point Name="DUKRI">DUKRI</Point>
            <Point Name="MEKEL">MEKEL</Point>
            <Point Name="EKBOB">EKBOB</Point>
            <Point Name="ETLAL">ETLAL</Point>
            <Point Name="XUDAM">XUDAM</Point>
            <Point Name="EXELI">EXELI</Point>
            <Point Name="OKBID">OKBID</Point>
            <Point Name="ETBUN">ETBUN</Point>
            <Point Name="GESEL">GESEL</Point>
            <Point Name="DUDMU">DUDMU</Point>
            <Point Name="UDKON">UDKON</Point>
            <Point Name="UBTIK">UBTIK</Point>
            <Point Name="IBGOB">IBGOB</Point>
            <Point Name="UNGOT">UNGOT</Point>
            <Point Name="TIDEX">TIDEX</Point>
            <Point Name="ANSUV">ANSUV</Point>
            <Point Name="XUGUD">XUGUD</Point>
            <Point Name="VEXOD">VEXOD</Point>
            <Point Name="EGRUR">EGRUR</Point>
            <Point Name="TIBOR">TIBOR</Point>
            <Point Name="DURTA">DURTA</Point>
            <Point Name="AVUKU">AVUKU</Point>
            <Point Name="ESRUD">ESRUD</Point>
            <Point Name="TIKOD">TIKOD</Point>
            <Point Name="IMRIN">IMRIN</Point>
            <Point Name="UNDIX">UNDIX</Point>
            <Point Name="UDBET">UDBET</Point>
            <Point Name="SIMEN">SIMEN</Point>
            <Point Name="TIGEN">TIGEN</Point>
            <Point Name="DUTVA">DUTVA</Point>
            <Point Name="AMUDO">AMUDO</Point>
            <Point Name="LABLA">LABLA</Point>
            <Point Name="ALEMU">ALEMU</Point>
            <Point Name="GUDER">GUDER</Point>
            <Point Name="APDAN">APDAN</Point>
            <Point Name="GEPIP">GEPIP</Point>
            <Point Name="OKTAK">OKTAK</Point>
            <Point Name="TEVUG">TEVUG</Point>
            <Point Name="EXASI">EXASI</Point>
            <Point Name="XUBEL">XUBEL</Point>
            <Point Name="UVMED">UVMED</Point>
            <Point Name="TEXOL">TEXOL</Point>
            <Point Name="AXAGA">AXAGA</Point>
            <Point Name="EVEDA">EVEDA</Point>
            <Point Name="IMKUM">IMKUM</Point>
            <Point Name="IXADA">IXADA</Point>
            <Point Name="ETMAM">ETMAM</Point>
            <Point Name="DUSDI">DUSDI</Point>
            <Point Name="UDMUL">UDMUL</Point>
            <Point Name="TIMAG">TIMAG</Point>
            <Point Name="GERIG">GERIG</Point>
            <Point Name="EGSIK">EGSIK</Point>
            <Point Name="EPLIM">EPLIM</Point>
            <Point Name="EPTUX">EPTUX</Point>
            <Point Name="ESTID">ESTID</Point>
            <Point Name="AXAMI">AXAMI</Point>
            <Point Name="XABAD">XABAD</Point>
            <Point Name="UTVIX">UTVIX</Point>
            <Point Name="UTEDU">UTEDU</Point>
            <Point Name="UNPOK">UNPOK</Point>
            <Point Name="IBRAX">IBRAX</Point>
            <Point Name="EGLOG">EGLOG</Point>
            <Point Name="EPVER">EPVER</Point>
            <Point Name="DUTMI">DUTMI</Point>
            <Point Name="GABKA">GABKA</Point>
            <Point Name="IBGIL">IBGIL</Point>
            <Point Name="UTVEX">UTVEX</Point>
            <Point Name="UVMIR">UVMIR</Point>
            <Point Name="EPVAN">EPVAN</Point>
            <Point Name="EGTOX">EGTOX</Point>
            <Point Name="TILUD">TILUD</Point>
            <Point Name="XUBIG">XUBIG</Point>
            <Point Name="MASHO">MASHO</Point>
            <Point Name="NETUG">NETUG</Point>
            <Point Name="APGUS">APGUS</Point>
            <Point Name="USUNO">USUNO</Point>
            <Point Name="MIWAS">MIWAS</Point>
            <Point Name="GISHE">GISHE</Point>
            <Point Name="NAPGO">NAPGO</Point>
            <Point Name="AVIDO">AVIDO</Point>
            <Point Name="ARSHI">ARSHI</Point>
            <Point Name="UBTOD">UBTOD</Point>
        </Label>
    </Map>
</Maps>