<?xml version="1.0" encoding="utf-8"?>
<Maps>
  <Map Type="Ground_INF" Name="ASMGCS_TAXI_ALL" Priority="0" Center="-2380.8+13390.1">
    <Label HasLeader="False" Alignment="Center" VerticalAlignment="Middle">
      <!-- HAAA TWY -->
      <Point Name="A1">+08.975355+038.782549</Point>
      <Point Name="B1">+08.976646+038.788249</Point>
      <Point Name="C1">+08.979841+038.798237</Point>
      <Point Name="G">+08.980645+038.801164</Point>
      <Point Name="H">+08.980922+038.803330</Point>
      <Point Name="J">+08.981947+038.807072</Point>
      <Point Name="K">+08.982829+038.809901</Point>
      <Point Name="L">+08.983359+038.811702</Point>
      <Point Name="E">+08.982469+038.815169</Point>
      <Point Name="N">+08.981690+038.812863</Point>
      <Point Name="D">+08.980106+038.807445</Point>
      <Point Name="C">+08.977737+038.798175</Point>
      <Point Name="B">+08.975036+038.789747</Point>
      <Point Name="M">+08.973940+038.785849</Point>
      <Point Name="A">+08.973490+038.783189</Point>
      <!-- HAAA Aprons -->
      <Point Name="CARGO APRON">+08.980473+038.780350</Point>
      <Point Name="ET MAINTENANCE APRON">+08.983235+038.784708</Point>
      <Point Name="PASSENGER TERMINAL">+08.984378+038.793457</Point>
      <Point Name="GENERAL AVIATION">+08.985899+038.810801</Point>
      <!-- HDAM TWY -->
      <Point Name="A">+11.546345+043.145778</Point>
      <Point Name="B">+11.546687+043.147655</Point>
      <Point Name="D">+11.546615+043.151091</Point>
      <Point Name="H">+11.546455+043.165543</Point>
      <Point Name="N">+11.546307+043.173258</Point>
      <Point Name="E">+11.545923+043.169403</Point>
      <Point Name="E">+11.546045+043.158760</Point>
      <Point Name="E">+11.546052+043.149226</Point>
      <Point Name="F">+11.548142+043.164469</Point>
      <Point Name="K">+11.548914+043.151793</Point>
      <Point Name="F">+11.549702+043.154845</Point>
      <Point Name="F">+11.549733+043.148372</Point>
      <Point Name="F">+11.549655+043.161195</Point>
      <Point Name="F">+11.549702+043.154845</Point>
      <Point Name="L">+11.548870+043.146306</Point>
      <Point Name="M">+11.550754+043.146545</Point>
      <Point Name="07R">+11.550754+043.146545</Point>
      <Point Name="07L">+08.974416+038.783977</Point>
      <Point Name="25R">+11.550754+043.146545</Point>
      <Point Name="25L">+08.982433+038.811282</Point>
      <!-- HDAM Aprons -->
      <Point Name="ARM/DEARM">+11.545091+043.174820</Point>
      <Point Name="Apron">+11.543101+043.176338</Point>
      <Point Name="Apron">+11.540304+043.172257</Point>
      <Point Name="Apron G">+11.551694+043.149660</Point>
      <Point Name="Terminal">+11.552131+043.149660</Point>
      <Point Name="Apron J">+11.552064+043.152104</Point>
      <Point Name="Apron C">+11.550198+043.151145</Point>
      <Point Name="Apron W">+11.550236+043.145413</Point>
      <Point Name="09">+11.547546+043.145216</Point>
      <Point Name="27">+11.547173+043.171857</Point>
      <!-- HAAM-->
      <Point Name="21">+06.049923+037.597374</Point>
      <Point Name="03">+06.028943+037.584063</Point>
      <!-- HAAX-->
      <Point Name="34">+14.137138+038.776089</Point>
      <Point Name="16">+14.157023+038.769005</Point>
      <!-- HABD-->
      <Point Name="22">+11.617441+037.330806</Point>
      <Point Name="04">+11.594625+037.307982</Point>
      <Point Name="PASSENGER APRON">+11.603331+037.322820</Point>
      <!-- HADC-->
      <Point Name="35">+11.101667+039.727235</Point>
      <Point Name="17">+11.119106+039.724804</Point>
      <!-- HADR-->
      <Point Name="33">+09.614480+041.859805</Point>
      <Point Name="15">+09.633218+041.849778</Point>
      <!-- HAGM-->
      <Point Name="36">+08.118034+034.563445</Point>
      <Point Name="18">+08.139733+034.563244</Point>
      <!-- HAGN-->
      <Point Name="35">+12.507912+037.436250</Point>
      <Point Name="17">+12.532188+037.431759</Point>
      <!-- HAJJ-->
      <Point Name="21">+09.342037+042.917343</Point>
      <Point Name="03">+09.322849+042.906680</Point>
      <!-- HAJM-->
      <Point Name="31">+07.652921+036.831919</Point>
      <Point Name="13">+07.669651+036.807893</Point>
      <!-- HALA-->
      <Point Name="01">+07.088696+038.394577</Point>
      <Point Name="19">+07.114316+038.398602</Point>
      <!-- HAMK-->
      <Point Name="29">+13.461805+039.548425</Point>
      <Point Name="11">+13.473065+039.518480</Point>
    </Label>
  </Map>
</Maps>