<?xml version="1.0" encoding="utf-8"?>
<AlertParameters>
  <ConflictAlerts>
    <STCA Name="TMA1" LateralNM="3.0" SecondsLookahead="60" AlertPriority="1">
      <Vertical LowerLevel="0" UpperLevel="28000" Height="600" HeightWithRVSM="600" />
      <Vertical LowerLevel="28001" UpperLevel="41000" Height="1600" HeightWithRVSM="600" />
      <Vertical LowerLevel="41001" UpperLevel="99999" Height="1600" HeightWithRVSM="1600" />
      <Volumes>HAAB_TMA,HDAM_TMA,HAMK_TMA,HADR_TMA,HABD_TMA</Volumes>
    </STCA>
    <STCA Name="ENR" LateralNM="5.0" SecondsLookahead="90" AlertPriority="1">
      <Vertical LowerLevel="0" UpperLevel="28000" Height="600" HeightWithRVSM="600" />
      <Vertical LowerLevel="28001" UpperLevel="41000" Height="1600" HeightWithRVSM="600" />
      <Vertical LowerLevel="41001" UpperLevel="99999" Height="1600" HeightWithRVSM="1600" />
      <Volumes>HAAA_E,HAAA_W</Volumes>
    </STCA>
    <MTCA Name="ENR" LateralNM="5.0" SecondsLookahead="300" AlertPriority="3">
      <Vertical LowerLevel="18000" UpperLevel="28000" Height="600" HeightWithRVSM="600" />
      <Vertical LowerLevel="28001" UpperLevel="41000" Height="1600" HeightWithRVSM="600" />
      <Vertical LowerLevel="41001" UpperLevel="99999" Height="1600" HeightWithRVSM="1600" />
      <Volumes>HAAA_E,HAAA_W</Volumes>
    </MTCA>
  </ConflictAlerts>
  <EMG SSRCode="7700" AlertPriority="2" />
  <RAD SSRCode="7600" AlertPriority="2" />
  <RAM WaypointNodeRadius="14" CorridorWidth="14" AirportRadius="20" AlertPriority="3" />
  <MPR SecondsAfterETO="180" AlertPriority="4" />
  <ETO SecondsDifferentFromSystem="180" AlertPriority="4" />
  <DAIW SecondsLookahead="60" AlertPriority="1" />
  <CLAM AltitudeDeviation="200" MinutesMaintaining="15" AlertPriority="3" />
  <MSAW Height="1000" SecondsLookahead="60" AlertPriority="1" />
</AlertParameters>