﻿<?xml version="1.0" encoding="UTF-8"?>
<Sectors>

  <!-- ACC -->

  <Sector Name="ADDW" FullName="ACC West" Frequency="125.100" Callsign="HAAA_1_CTR">
    <Volumes>HAAA_W</Volumes>
  </Sector>
  <Sector Name="ADDE" FullName="ACC East" Frequency="125.200" Callsign="HAAA_2_CTR">
    <Volumes>HAAA_E</Volumes>
  </Sector>


  <!-- APP -->

  <Sector Name="ADDA" FullName="Bole Approach" Frequency="119.700" Callsign="HAAB_APP">
    <Volumes>HAAB_TMA</Volumes>
  </Sector>
  <Sector Name="BJRA" FullName="Bahir Dar Approach" Frequency="118.300" Callsign="HABD_APP">
    <Volumes>HABD_TMA</Volumes>
  </Sector>
  <Sector Name="JIBA" FullName="Djibouti Approach" Frequency="118.500" Callsign="HDAM_APP">
    <Volumes>HDAM_TMA</Volumes>
  </Sector>
  <Sector Name="MQXA" FullName="Mekele Approach" Frequency="118.500" Callsign="HAMK_APP">
    <Volumes>HAMK_TMA</Volumes>
  </Sector>
  <Sector Name="DIRA" FullName="Dire Dawa Approach" Frequency="120.300" Callsign="HADR_APP"
    DisplayInHandoffWindow="True">
    <Volumes>HADR_TMA</Volumes>
  </Sector>

  <!-- TWR -->

  <Sector Name="BJRT" FullName="Bahir Dar Tower" Frequency="118.300" Callsign="HABD_TWR"
    DisplayInHandoffWindow="True" DisplayInSectorsWindow="False">
    <Volumes>HABD_CTR</Volumes>
  </Sector>
  <Sector Name="DIRT" FullName="Dire Dawa Tower" Frequency="118.300" Callsign="HADR_TWR"
    DisplayInHandoffWindow="True" DisplayInSectorsWindow="False">
    <Volumes>HADR_CTR</Volumes>
  </Sector>
  <Sector Name="GMBT" FullName="Gambela Tower" Frequency="118.700" Callsign="HAGM_TWR"
    DisplayInHandoffWindow="True" DisplayInSectorsWindow="False">
    <Volumes>HAGM_CTR</Volumes>
  </Sector>
  <Sector Name="GDQT" FullName="Gonder Tower" Frequency="118.600" Callsign="HAGN_TWR"
    DisplayInHandoffWindow="True" DisplayInSectorsWindow="False">
    <Volumes>HAGN_CTR</Volumes>
  </Sector>
  <Sector Name="GDET" FullName="Gode Tower" Frequency="118.600" Callsign="HAGO_TWR"
    DisplayInHandoffWindow="True" DisplayInSectorsWindow="False">
    <Volumes>HAGO_CTR</Volumes>
  </Sector>
  <Sector Name="JIJT" FullName="Jijga Tower" Frequency="118.500" Callsign="HAJJ_TWR"
    DisplayInHandoffWindow="True" DisplayInSectorsWindow="False">
    <Volumes>HAJJ_CTR</Volumes>
  </Sector>
  <Sector Name="JIMT" FullName="Jimma Tower" Frequency="118.400" Callsign="HAJM_TWR"
    DisplayInHandoffWindow="True" DisplayInSectorsWindow="False">
    <Volumes>HAJM_CTR</Volumes>
  </Sector>
  <Sector Name="AWAT" FullName="Awasa Tower" Frequency="118.700" Callsign="HALA_TWR"
    DisplayInHandoffWindow="True" DisplayInSectorsWindow="False">
    <Volumes>HALA_CTR</Volumes>
  </Sector>
  <Sector Name="MQXT" FullName="Mekele Tower" Frequency="118.800" Callsign="HAMK_TWR"
    DisplayInHandoffWindow="True" DisplayInSectorsWindow="False">
    <Volumes>HAMK_CTR</Volumes>
  </Sector>
  <Sector Name="ASOT" FullName="Asosa Tower" Frequency="118.500" Callsign="HASO_TWR"
    DisplayInHandoffWindow="True" DisplayInSectorsWindow="False">
    <Volumes>HASO_CTR</Volumes>
  </Sector>
  <Sector Name="JIBT" FullName="Djibouti Tower" Frequency="122.100" Callsign="HDAM_TWR"
    DisplayInHandoffWindow="True" DisplayInSectorsWindow="False">
    <Volumes>HDAM_CTR</Volumes>
  </Sector>
  <Sector Name="ADDT" FullName="Bole Tower" Frequency="118.100" Callsign="HAAB_TWR"
    DisplayInHandoffWindow="True" DisplayInSectorsWindow="False">
    <Volumes>HAAB_CTR</Volumes>
  </Sector>
  <Sector Name="AUXT" FullName="Axum Tower" Frequency="118.000" Callsign="HAAX_TWR"
    DisplayInHandoffWindow="True" DisplayInSectorsWindow="False">
    <Volumes>HAAX_CTR</Volumes>
  </Sector>

  <!-- GND -->

  <Sector Name="JIBG" FullName="Djibouti Ground" Frequency="118.100" Callsign="HDAM_GND"
    DisplayInHandoffWindow="True" DisplayInSectorsWindow="False">
    <Volumes>HDAM_CTR</Volumes>
  </Sector>
  <Sector Name="ADDG" FullName="Bole Ground" Frequency="121.900" Callsign="HAAB_GND"
    DisplayInHandoffWindow="True" DisplayInSectorsWindow="False">
    <Volumes>HAAB_CTR</Volumes>
  </Sector>
  <Sector Name="AUXG" FullName="Axum Ground" Frequency="121.900" Callsign="HAAX_GND"
    DisplayInHandoffWindow="True" DisplayInSectorsWindow="False">
    <Volumes>HAAX_CTR</Volumes>
  </Sector>
  <Sector Name="DIRG" FullName="Dire Dawa Ground" Frequency="121.900" Callsign="HADR_GND"
    DisplayInHandoffWindow="True" DisplayInSectorsWindow="False">
    <Volumes>HADR_CTR</Volumes>
  </Sector>
  <Sector Name="ASOG" FullName="Asosa Ground" Frequency="121.900" Callsign="HASO_GND"
    DisplayInHandoffWindow="True" DisplayInSectorsWindow="False">
    <Volumes>HASO_CTR</Volumes>
  </Sector>
  <Sector Name="MQXG" FullName="Mekela Ground" Frequency="121.900" Callsign="HAMK_GND"
    DisplayInHandoffWindow="True" DisplayInSectorsWindow="False">
    <Volumes>HAMK_CTR</Volumes>
  </Sector>
  <Sector Name="AWAG" FullName="Awasa Ground" Frequency="121.900" Callsign="HALA_GND"
    DisplayInHandoffWindow="True" DisplayInSectorsWindow="False">
    <Volumes>HALA_CTR</Volumes>
  </Sector>
  <Sector Name="JIJG" FullName="Jija Ground" Frequency="121.900" Callsign="HAJJ_GND"
    DisplayInHandoffWindow="True" DisplayInSectorsWindow="False">
    <Volumes>HAJJ_CTR</Volumes>
  </Sector>
  <Sector Name="GDQG" FullName="Gonder Ground" Frequency="121.900" Callsign="HAGN_GND"
    DisplayInHandoffWindow="True" DisplayInSectorsWindow="False">
    <Volumes>HAGN_CTR</Volumes>
  </Sector>
  <Sector Name="GDEG" FullName="Gode Ground" Frequency="121.900" Callsign="HAGO_GND"
    DisplayInHandoffWindow="True" DisplayInSectorsWindow="False">
    <Volumes>HAGO_CTR</Volumes>
  </Sector>
  <Sector Name="GMBG" FullName="Gambela Ground" Frequency="121.900" Callsign="HAGM_GND"
    DisplayInHandoffWindow="True" DisplayInSectorsWindow="False">
    <Volumes>HAGM_CTR</Volumes>
  </Sector>


  <!-- Sectors for handoff-->

  <!-- FSS -->
  <Sector FullName="Gulf" Frequency="133.650" Callsign="GULF_FSS" Name="GLFC"
    DisplayInSectorsWindow="False">
    <Volumes>GULF</Volumes>
  </Sector>
  <Sector FullName="Gulf West" Frequency="133.500" Callsign="GULF_W_FSS" Name="GLFW"
    DisplayInSectorsWindow="False">
    <Volumes>GULF_W</Volumes>
  </Sector>
  <Sector FullName="Africa East" Frequency="135.050" Callsign="AFRE_FSS" Name="AFRE"
    DisplayInSectorsWindow="False">
    <Volumes>AFRE</Volumes>
  </Sector>
  <Sector FullName="Africa Central" Frequency="129.075" Callsign="AFRC_FSS" Name="AFRC"
    DisplayInSectorsWindow="False">
    <Volumes>AFRC</Volumes>
  </Sector>
  <Sector FullName="Mogadishu" Frequency="132.500" Callsign="HCSM_CTR" Name="MOGC"
    DisplayInSectorsWindow="False">
    <Volumes>HCSM</Volumes>
  </Sector>
  <Sector FullName="Mogadishu" Frequency="132.525" Callsign="HCSM_I_CTR" Name="MOGI"
    DisplayInSectorsWindow="False">
    <Volumes>HCSM</Volumes>
  </Sector>
  <Sector FullName="Asmara" Frequency="129.500" Callsign="HHAA_1_CTR" Name="ASMR"
    DisplayInSectorsWindow="False">
    <Volumes>HHAA</Volumes>
  </Sector>
  <Sector FullName="Asmara Approach" Frequency="120.700" Callsign="HHAS_APP" Name="ASMA"
    DisplayInSectorsWindow="False">
    <Volumes>HHAS_TMA</Volumes>
  </Sector>
  <Sector FullName="Assab Approach" Frequency="129.50" Callsign="HHSB_APP" Name="ASAA"
    DisplayInSectorsWindow="False">
    <Volumes>HHSB_TMA</Volumes>
  </Sector>
  <Sector FullName="Juba" Frequency="123.900" Callsign="HJJJ_1_CTR" Name="JUBA"
    DisplayInSectorsWindow="False">
    <Volumes>HJJJ</Volumes>
  </Sector>
  <Sector FullName="Nairobi" Frequency="121.300" Callsign="HKNA_CTR" Name="NBON"
    DisplayInSectorsWindow="False">
    <Volumes>HKNA</Volumes>
  </Sector>
  <Sector FullName="Khartoum" Frequency="127.500" Callsign="HSSS_1_CTR" Name="KRTN"
    DisplayInSectorsWindow="False">
    <Volumes>HSSS_S</Volumes>
  </Sector>
  <Sector FullName="Khartoum" Frequency="127.300" Callsign="HSSS_2_CTR" Name="KRTS"
    DisplayInSectorsWindow="False">
    <Volumes>HSSS_S</Volumes>
  </Sector>
  <Sector FullName="Sanaa" Frequency="120.100" Callsign="OYSC_CTR" Name="SANN"
    DisplayInSectorsWindow="False">
    <Volumes>OYSC</Volumes>
  </Sector>
</Sectors>