<?xml version="1.0" encoding="utf-8"?>
<SSRAssignment>
  <!-- Code "Bins" define available codes and their assigned Regex rules.
		Priority is applied by the order they appear in this file. -->
  <Bin>
    <Rule FlightRule="V" />
    <Codes Start="7001" End="7077" />
  </Bin>
  <!-- Military Flights -->
  <Bin>
    <Rule Remarks="(\/|\b)(ETAF|ETAF|EAF|AF|MILITARY|USAF|RAF|ARMY|UN|UNO|UNITED NATIONS)\b" />
    <Codes Start="1001" End="1077" />
  </Bin>
  <Bin>
    <Rule Callsign="(RCH|USAF|ICE|ASY|SDAF|ETAF|EAF|AF|RAF|UN|UNO)" />
    <Codes Start="1001" End="1077" />
  </Bin>
  <!-- Domestic Flights -->
  <Bin>
    <Rule Departure="HA\w{2}|HD\w{2}" Destination="HA\w{2}|HD\w{2}" />
    <Codes Start="3501" End="3577" />
  </Bin>
  <!-- International Flights -->
  <Bin>
    <Rule Departure="HA\w{2}|HD\w{2}" />
    <Codes Start="5501" End="5577" />
  </Bin>
  <!-- Transit Flights -->
  <Bin>
    <Codes Start="0501" End="0577" />
    <Codes Start="1601" End="1677" />
  </Bin>
</SSRAssignment>